"","loc_tag","long","lat","inout","time_group","PM1.0_CF1_ug/m3","PM2.5_CF1_ug/m3","PM10.0_CF1_ug/m3","RSSI_dbm","Temperature_F","Humidity_%","PM2.5_ATM_ug/m3","ADC","Pressure_hpa","IAQ"
"1","20TH & POWELL",-122.645673,45.498826,"inside","afternoon",7.5510243902439,13.5795772357724,18.8639674796748,-71.4845528455285,81.0276422764228,29.9154471544715,10.4251869918699,0.03,1007.54552845528,NA
"2","20TH & POWELL",-122.645673,45.498826,"inside","morning",1.52377855887522,2.93653778558875,4.1771704745167,-72.9894551845343,78.3145869947276,30.6942003514938,2.93653778558875,0.03,1012.72775043937,NA
"3","20TH & POWELL",-122.645673,45.498826,"inside","night",3.23739682539683,6.73585714285714,12.4356984126984,-74.1603174603175,80.3809523809524,30.1333333333333,6.67406349206349,0.03,1020.28184126984,NA
"4","27th-Stanton",-122.63826,45.543336,"inside","afternoon",23.517247706422,36.3839755351682,39.9269724770642,-56.8440366972477,78.5718654434251,32.9113149847095,26.6037003058104,0,995.614220183486,NA
"5","27th-Stanton",-122.63826,45.543336,"inside","morning",3.32175257731959,5.40893470790378,6.58219931271478,-56.9209621993127,75.3264604810997,36.3711340206186,5.28491408934708,0,1009.51738831615,NA
"6","27th-Stanton",-122.63826,45.543336,"inside","night",4.47933147632312,6.52852367688022,7.22721448467967,-57.3565459610028,78.4902506963788,33.158774373259,6.52852367688022,0,1022.0051810585,NA
"7","36th & SE Woodward",-122.626231,45.501722,"outside","afternoon",8.12771111111111,12.4172407407407,12.922462962963,-71.2814814814815,79.7866666666667,41.1755555555556,12.0409037037037,0.01,1014.77562222222,NA
"8","36th & SE Woodward",-122.626231,45.501722,"outside","morning",9.34163333333333,16.0450185185185,17.3919111111111,-70.022962962963,61.9762962962963,68.6044444444444,15.7420222222222,0.01,1015.20457037037,NA
"9","36th & SE Woodward",-122.626231,45.501722,"outside","night",12.1329555555556,19.1560222222222,20.4926962962963,-70.0459259259259,62.7333333333333,65.2674074074074,18.1658407407407,0.01,1014.78438518519,NA
"10","3SG",-122.629802,45.421562,"outside","afternoon",8.79127802690583,14.1015134529148,15.3423430493274,-78.0224382946896,81.4861630516081,39.3635003739716,13.7046524663677,0.0642825112107623,1011.23938760269,NA
"11","3SG",-122.629802,45.421562,"outside","morning",9.65771851851852,16.8047185185185,18.6177703703704,-77.8303703703704,62.6562962962963,66.9933333333333,16.5416925925926,0.0698740740740741,1011.78054814815,NA
"12","3SG",-122.629802,45.421562,"outside","night",11.6972185185185,19.4640185185185,21.351837037037,-77.7422222222222,62.3762962962963,64.7807407407407,18.2977037037037,0.07,1011.41697037037,NA
"13","3SG-Indoors",-122.6302,45.42256,"inside","afternoon",6.4180962962963,10.3899481481481,11.2785259259259,-44.962962962963,82.1822222222222,36.2962962962963,10.1882444444444,0.0214592592592593,1011.52485925926,NA
"14","3SG-Indoors",-122.6302,45.42256,"inside","morning",6.81338518518518,10.5554814814815,11.213637037037,-44.3940740740741,80.0688888888889,36.0703703703704,9.81317777777778,0.0226,1011.84891851852,NA
"15","3SG-Indoors",-122.6302,45.42256,"inside","night",7.64248888888889,12.1263851851852,12.9394814814815,-45.2533333333333,81.9081481481481,35.52,11.6347111111111,0.0213323464100666,1011.46370836417,NA
"16","51st and Lincoln",-122.61,45.50805,"outside","afternoon",4.26151908114116,6.86645424231197,7.95850314931456,-67.9718518518519,78.6066666666667,40.177037037037,6.55332715820674,0.0594736842105263,1013.91466271312,NA
"17","51st and Lincoln",-122.61,45.50805,"outside","morning",4.75995515695067,8.35379297458894,10.4143684603886,-67.4461883408072,62.9499252615845,64.0784753363229,8.2896375186846,0.06,1014.48684603886,NA
"18","51st and Lincoln",-122.61,45.50805,"outside","night",5.57305386949924,9.16194992412747,11.1393323216995,-67.3353566009105,64.0151745068285,60.2405159332322,8.90757587253414,0.06,1014.30704855842,NA
"19","53rd Drive",-122.7474,45.5428,"outside","afternoon",74.0715420560748,117.787102803738,127.945794392523,-53.1775700934579,81.3084112149533,17.5327102803738,83.0113551401869,0.07,866.506261682243,NA
"20","Arnada Neighborhood",-122.6674,45.63834,"outside","afternoon",121.294930555556,222.722708333333,249.267291666667,-59.7916666666667,80.0972222222222,17.9583333333333,150.885694444444,0.04,868.825694444444,NA
"21","Benchview Terrace",-122.8175,45.42035,"outside","afternoon",6.565,10.5700782608696,11.5688608695652,-60.3965217391304,65.6817391304348,49.3321739130435,8.48258260869565,0.02,993.944173913044,NA
"22","Benchview Terrace",-122.8175,45.42035,"outside","morning",6.99126559714795,13.117183600713,15.2750356506239,-57.6595365418895,61.6524064171123,59.4688057040998,10.7507754010695,0.0202673796791444,995.746684491979,NA
"23","Benchview Terrace",-122.8175,45.42035,"outside","night",3.3035,5.01096825396825,5.52325396825397,-58.3063492063492,63.1301587301587,53.4857142857143,5.01096825396825,0.0200793650793651,1000.70246031746,NA
"24","Benson 1",-122.6511,45.52784,"outside","afternoon",8.11106666666667,12.7760481481481,13.8379,-78.5785185185185,85.3814814814815,37.0585185185185,12.5730037037037,0.0288,1014.8224962963,NA
"25","Benson 1",-122.6511,45.52784,"outside","morning",9.91267234988881,17.2366493699036,19.1505300222387,-77.5596738324685,63.4136397331357,72.9718309859155,16.7137249814678,0.03,1015.4580800593,NA
"26","Benson 1",-122.6511,45.52784,"outside","night",10.8923962962963,17.5985888888889,19.3456,-77.6007407407407,63.9059259259259,69.5251851851852,16.8950666666667,0.03,1014.98665925926,NA
"27","BHP",-122.8164,45.47019,"outside","afternoon",7.9691962962963,12.5080592592593,13.4382555555556,-43.9133333333333,77.8585185185185,45.697037037037,12.2192037037037,0,1010.54962222222,NA
"28","BHP",-122.8164,45.47019,"outside","morning",8.58247037037037,14.1840888888889,15.4778777777778,-42.9562962962963,61.6192592592593,74.1688888888889,14.0113851851852,0,1011.0722,NA
"29","BHP",-122.8164,45.47019,"outside","night",12.8209710896961,19.8210266864344,21.3333395107487,-44.1986656782802,62.4314306893996,70.5144551519644,18.002457375834,0,1010.63249814678,NA
"30","BM HQ",-122.6068,45.51074,"inside","afternoon",1.2550962962963,2.29261481481481,3.03418518518519,-66.6688888888889,82.4222222222222,33.5888888888889,2.29201481481481,0.04,1012.25771851852,NA
"31","BM HQ",-122.6068,45.51074,"inside","morning",1.31043703703704,2.00923703703704,2.24463703703704,-66.6740740740741,81.5207407407407,33.0548148148148,2.00925185185185,0.04,1012.59702222222,NA
"32","BM HQ",-122.6068,45.51074,"inside","night",1.25410334346505,1.88312310030395,2.03435410334346,-65.7272036474164,82.8677811550152,33.0243161094225,1.88313069908815,0.04,1012.49219438117,NA
"33","Bonny Slope",-122.7945,45.53893,"outside","afternoon",8.64523703703704,12.6915703703704,13.5228111111111,-68.0392592592593,74.1748148148148,43.7918518518519,12.4020037037037,0.02,1000.73136296296,NA
"34","Bonny Slope",-122.7945,45.53893,"outside","morning",8.97595555555556,13.9935185185185,15.1544,-67.5740740740741,63.7385185185185,61.4703703703704,13.7933259259259,0.02,1001.10984444444,NA
"35","Bonny Slope",-122.7945,45.53893,"outside","night",12.9911395694135,19.2865924276169,20.6782479584261,-67.5159613956941,65.4209354120267,56.9146250927988,17.3462026726058,0.02,1000.7740311804,NA
"36","Bridge Ave",-122.7712,45.58495,"outside","afternoon",75.1254545454545,102.302929292929,106.54601010101,-61.5858585858586,81.5252525252525,15.8888888888889,69.8188888888889,0.06,864.712222222222,NA
"37","Bridge Ave",-122.7712,45.58495,"outside","night",5.49488888888889,7.2405,7.63111111111111,-51.0777777777778,53.9444444444444,62.5,7.23905555555556,0.07,1025.929,NA
"38","Bridlemile",-122.7168,45.49372,"outside","morning",114.673777777778,170.191444444444,181.877888888889,-59.4444444444444,78.5555555555556,17.6222222222222,115.378111111111,0.0331818181818182,869.459333333333,NA
"39","Bull Mountain Home",-122.8178,45.41655,"outside","afternoon",7.97015465861939,12.2311165597888,13.0239155035836,-75.9289493575208,76.2086167800453,43.5638699924414,12.086190116937,0.05,995.784661144578,NA
"40","Bull Mountain Home",-122.8178,45.41655,"outside","morning",8.59174526550316,13.8124099517267,14.9441032305978,-76.1040118870728,61.2949479940565,68.2704309063893,13.6831711845525,0.05,995.89997030438,NA
"41","Bull Mountain Home",-122.8178,45.41655,"outside","night",9.46263470828688,14.6251579338536,15.6300074321813,-75.6753536857781,62.7311988086374,62.5331347728965,13.8752508361204,0.05,995.629540059347,NA
"42","Burlingame",-122.6884,45.46811,"inside","afternoon",103.9465,160.383333333333,170.336333333333,-62.6333333333333,76.4666666666667,21.6666666666667,109.917,0,868.8295,NA
"43","Burlingame",-122.6884,45.46811,"inside","morning",6.37238095238095,11.3880952380952,12.8252380952381,-51.9047619047619,78.4285714285714,18.3333333333333,11.3880952380952,0,867.615714285714,NA
"44","byuki project",-122.6401,45.49261,"outside","afternoon",9.34806619561175,12.7805875790257,13.6484864261807,-82.5215773809524,75.3697916666667,43.2857142857143,12.4722982521383,0.0596208178438662,1018.19262453532,NA
"45","byuki project",-122.6401,45.49261,"outside","morning",9.65559366754617,14.1374896343762,15.4704711647192,-83.0618867924528,65.6143396226415,57.8075471698113,14.0173501696193,0.06,1018.98463855422,NA
"46","byuki project",-122.6401,45.49261,"outside","night",11.7526224450444,15.9577130736599,17.074535287312,-82.3637770897833,68.4017027863777,52.2941176470588,15.5421596606248,0.06,1018.69049961568,NA
"47","Carpenter Fam",-122.6982,45.57468,"outside","afternoon",9.77027293404094,15.1836542835481,16.5740523123578,-92.8976497346475,73.5238817285823,49.3995451099318,14.6090219863533,0,1014.45901440485,NA
"48","Carpenter Fam",-122.6982,45.57468,"outside","morning",9.7121703089676,16.9177957799548,19.0736473247928,-92.723436322532,62.8168801808591,69.2840994724943,16.4873210248681,0,1014.5344009043,NA
"49","Carpenter Fam",-122.6982,45.57468,"outside","night",12.6034583952452,18.8845542347697,20.6908766716196,-92.8365527488856,64.5274888558692,64.1641901931649,17.4122251114413,0,1014.18209509658,NA
"50","Chase and Angie",-122.8045,45.54093,"inside","afternoon",2.28178888888889,4.26783333333333,4.98916666666667,-58.6011111111111,79.4544444444444,38.5722222222222,4.26795555555556,0.01,1005.27276666667,NA
"51","Chase and Angie",-122.8045,45.54093,"inside","morning",2.1234,3.89046666666667,4.47476666666667,-58.6311111111111,78.7077777777778,38.8344444444444,3.89047777777778,0.01,1005.0972,NA
"52","Chase and Angie",-122.8045,45.54093,"inside","night",3.05762386248736,5.66038422649141,6.66331648129424,-58.4044489383215,80.3124368048534,37.8008088978766,5.66038422649141,0.01,1005.38240647118,NA
"53","ChiliWeeds",-122.6423,45.46894,"inside","afternoon",185.456774193548,305.436935483871,323.776451612903,-57.1935483870968,82.3548387096774,15.8548387096774,203.444032258065,0.05,861.300483870968,NA
"54","ChiliWeeds",-122.6423,45.46894,"inside","night",2.50633333333333,3.42911111111111,3.59755555555556,-64.1333333333333,78.6555555555556,37.7555555555556,3.42911111111111,0.05,1030.41922222222,NA
"55","Clear Hills",-122.7547,45.4815,"outside","afternoon",100.41234375,171.36828125,180.9003125,-49,79.03125,19.875,114.61359375,0.05,868.8215625,NA
"56","Colby",-122.6558,45.46951,"inside","afternoon",17.4785114503817,27.1718702290076,30.107786259542,-59.1450381679389,79.1984732824427,30.5572519083969,19.7025190839695,0.0272519083969466,977.259618320611,NA
"57","Colby",-122.6558,45.46951,"inside","morning",36.9875,65.7402192982456,75.6566228070175,-57.8684210526316,74.280701754386,34.7280701754386,45.3106578947368,0.03,996.705263157895,NA
"58","Colby",-122.6558,45.46951,"inside","night",6.10686111111111,9.03769444444444,9.884,-59.8888888888889,76.4388888888889,37.3611111111111,8.91491666666667,0.03,1029.60061111111,NA
"59","Concordia",-122.628,45.56577,"outside","afternoon",7.88887072808321,12.2744762258544,13.6210809806835,-71.3335809806835,79.4725111441308,40.9992570579495,12.1770913818722,0,1016.51447251114,NA
"60","Concordia",-122.628,45.56577,"outside","morning",9.04044436146378,15.7185660941001,18.1108999253174,-70.3696788648245,62.4615384615385,66.2748319641524,15.4889843166542,0,1016.76131441374,NA
"61","Concordia",-122.628,45.56577,"outside","night",10.407237037037,16.640762962963,18.8388518518519,-69.6237037037037,64.2466666666667,61.0740740740741,16.0389148148148,0,1016.31343703704,NA
"62","Council Crest",-122.7093,45.50018,"outside","afternoon",96.5925945945946,145.041297297297,154.069189189189,-58.2795698924731,81.2795698924731,17.4838709677419,99.1570810810811,0.03,872.326195652174,NA
"63","Council Crest",-122.7093,45.50018,"outside","night",5.824,8.11161111111111,8.65666666666667,-63.3777777777778,56.3666666666667,52.3777777777778,8.11161111111111,0.03,996.816555555556,NA
"64","Delta Court",-122.8486,45.51913,"outside","afternoon",6.03477982043608,9.68056861906798,10.3695040615648,-67.8682634730539,72.2754491017964,47.1377245508982,9.6237964942283,0.02,1012.93043589744,NA
"65","Delta Court",-122.8486,45.51913,"outside","morning",5.62212305025997,9.26413344887348,10.0457365684575,-66.840554592721,61.0441941074523,66.7564991334489,9.26366117850953,0.02,1013.26175043328,NA
"66","Delta Court",-122.8486,45.51913,"outside","night",7.92393861892583,12.5686146632566,13.4802941176471,-67.9309462915601,62.3776641091219,62.8763853367434,12.4144075021313,0.02,1012.96361466326,NA
"67","Division Street",-122.6336,45.50397,"outside","afternoon",96.2446774193548,177.198870967742,198.186935483871,-46.7741935483871,81.1612903225806,20.2258064516129,118.587903225806,0.01,869.412903225806,NA
"68","Eastmoreland",-122.6242,45.47724,"outside","afternoon",86.5886111111111,145.159166666667,155.801388888889,-51.1111111111111,71.4444444444444,17.8333333333333,97.7238888888889,0,874.278333333333,NA
"69","Edgewood Outside",-122.6994,45.5043,"outside","afternoon",7.53512962962963,11.5651481481481,12.4084185185185,-83.6,72.5940740740741,49.497037037037,11.2968518518519,0.01,997.583807407407,NA
"70","Edgewood Outside",-122.6994,45.5043,"outside","morning",7.09461851851852,11.7796555555556,12.9136444444444,-82.5333333333333,65.2192592592593,61.0792592592593,11.7773,0.01,997.64157037037,NA
"71","Edgewood Outside",-122.6994,45.5043,"outside","night",7.56526666666667,11.7970407407407,12.7332481481481,-82.7814814814815,67.8933333333333,56.4155555555556,11.6491814814815,0.01,997.402711111111,NA
"72","Elm",-122.7793,45.48272,"inside","afternoon",5.95476234003656,9.51075868372943,10.4141224862888,-63.2586837294333,81.8884826325411,36.2687385740402,9.47792504570384,0.02,1012.37524680073,NA
"73","Elm",-122.7793,45.48272,"inside","morning",3.53882407407407,5.65907407407407,6.12163888888889,-62.6148148148148,80.2962962962963,34.537962962963,5.65913888888889,0.02,1012.40825925926,NA
"74","Elm",-122.7793,45.48272,"inside","night",5.91901625320787,9.37622754491018,10.1507613344739,-62.650128314799,83.4379811804962,33.1941830624465,9.34544910179641,0.02,1012.32896492729,NA
"75","Forest Hills",-122.7201,45.41251,"inside","afternoon",6.48314470493129,9.15097817299919,9.57669361358125,-69.3702506063056,88.949070331447,28.9296685529507,9.1509135004042,0.0715972812234495,1003.4835229202,NA
"76","Forest Hills",-122.7201,45.41251,"inside","morning",6.0540746624305,8.58895949166005,8.99781572676727,-72.0007942811755,82.9841143764893,31.6838760921366,8.58895949166005,0.0753453947368421,1003.77081414474,NA
"77","Forest Hills",-122.7201,45.41251,"inside","night",7.43456335616438,10.5333476027397,11.0014297945205,-70.1558219178082,85.9118150684932,29.9203767123288,10.5105393835616,0.0728596802841918,1002.47436056838,NA
"78","G&M_Inside",-122.6333,45.49953,"inside","afternoon",65.5644927536232,112.159565217391,118.622753623188,-60.9275362318841,92.2173913043478,9.26086956521739,77.7286956521739,0.05,861.171470588235,NA
"79","G&M_Inside",-122.6333,45.49953,"inside","morning",15.705,28.835,32.2066666666667,-60.8333333333333,71.8333333333333,18,28.425,0.05,863.66,NA
"80","GH Tillamook Row",-122.6665,45.53762,"outside","afternoon",9.68033685859773,14.8883078730905,15.9453192322758,-82.327329678935,76.4487079091621,45.8386844166014,14.4477555816686,0.02,1013.13217084639,NA
"81","GH Tillamook Row",-122.6665,45.53762,"outside","morning",10.8534482758621,18.6328577090765,20.3398018232263,-81.7614896988907,63.7551505546751,68.5705229793978,18.0435909631391,0.02,1012.7592704203,NA
"82","GH Tillamook Row",-122.6665,45.53762,"outside","night",11.2864661354582,17.734203187251,19.0574023904382,-81.4629482071713,65.397609561753,64.2358565737052,17.1985298804781,0.02,1012.56066135458,NA
"83","GH Tillamook Row 48a",-122.6656,45.53803,"inside","afternoon",2.24911111111111,3.78769259259259,4.90057037037037,-60.2962962962963,81.2622222222222,41.3674074074074,3.78768888888889,0.0397555555555556,1014.69008148148,NA
"84","GH Tillamook Row 48a",-122.6656,45.53803,"inside","morning",2.29841481481481,3.59731481481481,4.12131481481481,-60.1844444444444,80.14,41.9888888888889,3.59728888888889,0.0399555555555556,1015.05693333333,NA
"85","GH Tillamook Row 48a",-122.6656,45.53803,"inside","night",3.29504832713755,4.9419405204461,5.63743866171004,-60.7509293680297,80.7724907063197,41.1122676579926,4.9419405204461,0.0399256505576208,1014.59095167286,NA
"86","Gnomish Air",-122.653,45.49235,"inside","afternoon",4.57619873817035,7.49266561514196,8.19851735015773,-64.2649842271293,80.8817034700315,35.7555205047319,5.05358044164038,0.03,1011.49214511041,NA
"87","Gnomish Air",-122.653,45.49235,"inside","morning",15.3618881118881,31.4290734265734,34.6216958041958,-62.6416083916084,77.7097902097902,38.6888111888112,21.1035664335664,0.03,1010.36645104895,NA
"88","Gnomish Air",-122.653,45.49235,"inside","night",0.0842222222222222,0.222968253968254,0.284666666666667,-63.1857142857143,78.6079365079365,39.4269841269841,0.222968253968254,0.03,1018.78393650794,NA
"89","Gnomish Garden",-122.6529,45.49234,"outside","afternoon",8.09390749601276,13.7961562998405,14.9681897926635,-65.8835725677831,67.7783094098884,48.3684210526316,10.4456618819777,0.0387060702875399,1011.06118022329,NA
"90","Gnomish Garden",-122.6529,45.49234,"outside","morning",10.6745500848896,21.0812224108659,23.4683955857385,-66.0747028862479,60.9728353140917,61.9830220713073,15.9326655348048,0.0392176870748299,1006.78178268251,NA
"91","Gnomish Garden",-122.6529,45.49234,"outside","night",6.04857936507937,9.6502619047619,10.6057301587302,-67.6269841269841,60.5396825396825,60.152380952381,9.64811904761905,0.0395079365079365,1019.21819047619,NA
"92","Hall House",-122.7016,45.48679,"inside","afternoon",143.444333333333,227.887333333333,242.581666666667,-56.1666666666667,87.6333333333333,12.1666666666667,153.355333333333,0.032,860.764666666667,NA
"93","Healy Heights",-122.6963,45.48813,"outside","afternoon",3.88856444945509,6.06360390830515,6.9423524990605,-61.5273818454614,82.913728432108,39.5671417854464,5.77284103720406,0,986.244977409639,NA
"94","Healy Heights",-122.6963,45.48813,"outside","morning",3.93659295352324,6.58916791604198,7.98311469265367,-62.2765321375187,61.5470852017937,69.4043348281016,6.519464017991,0,986.423872180451,NA
"95","Healy Heights",-122.6963,45.48813,"outside","night",4.68660827431979,7.68108460678345,9.26185613119642,-62.9769345238095,64.3266369047619,61.7120535714286,7.09738725307492,0,986.16929798357,NA
"96","Hewett Blvd 1",-122.7322,45.50253,"outside","afternoon",6.9046963562753,10.3209896536212,10.8229824561404,-93.1735985533454,73.0415913200723,54.8173598553345,10.1498290598291,0.03,671.267654431513,NA
"97","Hewett Blvd 1",-122.7322,45.50253,"outside","morning",7.73126841243863,11.9865098199673,12.3741898527005,-93.1011608623549,65.3109452736318,74.5489220563847,11.7318289689034,0.03,666.566607431341,NA
"98","Hewett Blvd 1",-122.7322,45.50253,"outside","night",7.81315427589171,11.8226858616244,12.4497507520413,-92.9186851211073,67.5190311418685,65.9602076124567,11.538981521272,0.03,667.877224594364,NA
"99","Home",-122.8537,45.55947,"inside","afternoon",4.57153703703704,7.63738888888889,8.92949259259259,-58.8081481481481,76.7748148148148,42.6088888888889,6.67371481481482,0.01,1013.25462222222,NA
"100","Home",-122.8537,45.55947,"inside","morning",2.74804814814815,4.36211111111111,4.95924814814815,-57.8711111111111,74.6859259259259,41.4385185185185,4.3621,0.01,1013.71828888889,NA
"101","Home",-122.8537,45.55947,"inside","night",2.20154814814815,3.64572222222222,4.2752,-58.3666666666667,77.0740740740741,40.0681481481481,3.64570740740741,0.01,1013.25677777778,NA
"102","Infused Outside",-122.6929,45.42434,"outside","afternoon",1.9783467094703,3.83529695024077,4.91213483146067,-78.7611464968153,65.6624203821656,55.0254777070064,3.83529695024077,0.01,1013.79317152104,NA
"103","Infused Outside",-122.6929,45.42434,"outside","morning",15.2301774193548,23.6169193548387,26.1343225806452,-75.5612903225806,59.4387096774194,63.9,18.1587741935484,0.01,994.858903225806,NA
"104","Infused Outside",-122.6929,45.42434,"outside","night",5.48801388888889,8.89204166666667,10.2677083333333,-77.9,57.075,64.4722222222222,8.51225,0.01,1014.55530555556,NA
"105","Inside",-122.6332,45.49953,"inside","afternoon",0.518059259259259,0.940681481481481,1.07688148148148,-58.2940740740741,78.7577777777778,41.197037037037,0.940577777777778,0,1013.73911111111,NA
"106","Inside",-122.6332,45.49953,"inside","morning",0.417701960784314,0.875811764705882,1.10686274509804,-57.3670588235294,76.003137254902,41.4149019607843,0.646972549019608,0,1014.0126745098,NA
"107","Inside",-122.6332,45.49953,"inside","night",0.120288888888889,0.303688888888889,0.395296296296296,-57.1192592592593,73.4807407407407,43.5296296296296,0.303688888888889,0,1013.67893333333,NA
"108","Irvington NE 12th & Tillamook",-122.6532,45.53725,"outside","afternoon",7.6702962962963,11.2430851851852,12.4373296296296,-60.737037037037,76.3666666666667,42.602962962963,11.1370703703704,0.0295259259259259,1013.77357037037,NA
"109","Irvington NE 12th & Tillamook",-122.6532,45.53725,"outside","morning",8.07088888888889,12.8566814814815,14.8058444444444,-59.8888888888889,66.4118518518518,58.4777777777778,12.8302481481481,0.03,1014.20765925926,NA
"110","Irvington NE 12th & Tillamook",-122.6532,45.53725,"outside","night",9.7452962962963,14.1503851851852,15.7492296296296,-60.1214814814815,68.9192592592593,53.2807407407407,14.0220407407407,0.03,1013.807,NA
"111","Jan's Air",-122.6669,45.5763,"outside","afternoon",9.59861740707162,14.6798957388939,16.244274705349,-87.6050955414013,71.6096451319381,50.0691537761601,13.9689528558477,0.04,1016.2033604336,NA
"112","Jan's Air",-122.6669,45.5763,"outside","morning",10.3329697452229,17.150625,19.4966401273885,-86.4920508744038,61.4515103338633,69.7980922098569,16.6822054140127,0.04,1016.23326953748,NA
"113","Jan's Air",-122.6669,45.5763,"outside","night",11.732288676236,18.3614354066986,20.6392025518341,-87.0454908220271,61.7845171588188,66.9465283320032,17.4303110047847,0.04,1015.8521752988,NA
"114","Joy Fortress",-122.6106,45.53292,"inside","afternoon",10.4253104575163,14.9606862745098,16.3589052287582,-70.1764705882353,74.8660130718954,40.8366013071895,11.0804738562091,0.01,1014.57888888889,NA
"115","Joy Fortress",-122.6106,45.53292,"inside","morning",2.49823008849558,4.21212389380531,5.18044247787611,-72.1858407079646,72.6017699115044,49.6371681415929,4.21212389380531,0.01,1021.24371681416,NA
"116","Joy Fortress",-122.6106,45.53292,"inside","night",2.82470588235294,4.50176470588235,5.27,-76.0588235294118,77,41.5882352941176,4.50176470588235,0.01,1013.38705882353,NA
"117","Ku'Ale Heights Milwaukie, OR",-122.6374,45.43199,"outside","afternoon",8.41075555555556,12.9569555555556,13.9407333333333,-74.0311111111111,81.0459259259259,41.7177777777778,12.6213777777778,0.03,1012.45814814815,NA
"118","Ku'Ale Heights Milwaukie, OR",-122.6374,45.43199,"outside","morning",8.35108518518519,14.3772555555556,16.0356259259259,-73.9525925925926,65.4725925925926,63.4133333333333,14.3380148148148,0.03,1012.94505925926,NA
"119","Ku'Ale Heights Milwaukie, OR",-122.6374,45.43199,"outside","night",10.6902592592593,16.9959888888889,18.6611407407407,-73.8740740740741,68.0503703703704,56.8859259259259,16.5438333333333,0.03,1012.50803703704,NA
"120","LairHill",-122.6867,45.49509,"outside","afternoon",216.358421052632,315.974210526316,333.051052631579,-49,76.1111111111111,21,210.214736842105,0.04,869.047,NA
"121","LairHill",-122.6867,45.49509,"outside","morning",57.9043333333333,143.601666666667,181.395,-56.2,71.1333333333333,19.8,101.48,0.04,870.562,NA
"122","Lake Road",-122.6259,45.43145,"outside","afternoon",132.395,195.529310344828,207.944137931034,-54.1379310344828,80.3793103448276,18.7931034482759,130.444655172414,0.06,861.503793103448,NA
"123","Lake Road",-122.6259,45.43145,"outside","morning",124.169375,224.3171875,248.8378125,-59.25,72.75,17,149.84125,0.062,870.28125,NA
"124","Langworthy Terrace 878ft",-122.7806,45.54968,"outside","afternoon",7.27933703703704,11.9291518518519,13.5217148148148,-70.1222222222222,74.2696296296296,42.2792592592593,11.7832037037037,0.0591925925925926,988.669940740741,NA
"125","Langworthy Terrace 878ft",-122.7806,45.54968,"outside","morning",7.42428518518518,12.8504592592593,14.8782222222222,-68.7651851851852,60.7007407407407,65.6955555555556,12.7665222222222,0.06,988.760674074074,NA
"126","Langworthy Terrace 878ft",-122.7806,45.54968,"outside","night",8.15218969988885,13.7222526861801,15.9052093367914,-69.3476649369904,64.2349888806523,56.8072646404744,13.2999073731011,0.06,988.49062962963,NA
"127","Lewis & Clark College",-122.6726,45.45192,"outside","afternoon",8.10758978156238,12.0035690485006,12.9628693076638,-52.9356032568468,72.2568467801628,48.180606957809,11.7232617549056,0.02,1004.13704444444,NA
"128","Lewis & Clark College",-122.6726,45.45192,"outside","morning",8.49419821826281,13.4953563474388,14.8137082405345,-52.8181143281366,64.2449888641425,59.8203414996288,13.3765256124722,0.02,1004.36907943578,NA
"129","Lewis & Clark College",-122.6726,45.45192,"outside","night",8.56706711160549,12.627319243604,13.6651464590286,-52.4814540059347,67.6045994065282,53.1624629080119,12.3555691509084,0.02,1004.038102298,NA
"130","Lighthouse",-122.6695,45.5654,"outside","afternoon",9.34959259259259,13.3944814814815,14.5485259259259,-74.7985185185185,75.3666666666667,42.0074074074074,13.0030666666667,0,1012.40925185185,NA
"131","Lighthouse",-122.6695,45.5654,"outside","morning",10.6760111111111,16.3031925925926,18.3685962962963,-75.497037037037,63.502962962963,62.7481481481481,15.8426888888889,0,1012.86817037037,NA
"132","Lighthouse",-122.6695,45.5654,"outside","night",10.9166481481481,15.4987,17.1690444444444,-75.4125925925926,64.2392592592593,58.9955555555556,15.0835777777778,0,1012.35032592593,NA
"133","LO FH indoor",-122.6759,45.42911,"inside","afternoon",0.147636566332218,0.322683017465626,0.4505834262356,-46.6790490341753,79.1575037147103,46.0839524517088,0.322683017465626,0.02,1012.16918215613,NA
"134","LO FH indoor",-122.6759,45.42911,"inside","morning",0.419776286353468,0.688348247576436,0.789313944817301,-47.3432835820896,77.0059701492537,46.8358208955224,0.688340790454884,0.02,1012.60797317437,NA
"135","LO FH indoor",-122.6759,45.42911,"inside","night",0.64958751393534,0.997276105536975,1.1026867335563,-46.9041604754829,78.4903417533432,47.3662704309064,0.997276105536975,0.02,1012.18191821561,NA
"136","Marion Court Apartments",-122.6302,45.51187,"outside","afternoon",19.128826754386,26.4342214912281,28.1155263157895,-70.6271929824561,74.4824561403509,50.9517543859649,25.1255153508772,0,1015.52701754386,NA
"137","Marion Court Apartments",-122.6302,45.51187,"outside","morning",19.3527314814815,28.9538425925926,31.5059537037037,-71.2333333333333,65.1,67.4481481481481,27.5737222222222,0,1016.48203703704,NA
"138","Marion Court Apartments",-122.6302,45.51187,"outside","night",20.8330111111111,28.7839,30.7578,-72.2088888888889,69.4444444444444,60.6777777777778,26.6125222222222,0,1015.28128888889,NA
"139","Master bedroom",-122.6074,45.51024,"inside","afternoon",1.98561256544503,3.58006282722513,4.17778010471204,-66.1591623036649,83.9811518324607,29.6565445026178,3.57981151832461,0.03,1014.28382198953,NA
"140","Master bedroom",-122.6074,45.51024,"inside","morning",0.310223602484472,0.78095652173913,1.05263354037267,-65.2931677018634,83.5229813664596,28.8931677018634,0.777739130434783,0.03,1014.6308447205,NA
"141","Master bedroom",-122.6074,45.51024,"inside","night",0.340134803921569,0.894742647058824,1.10292892156863,-66.9975490196078,84.1360294117647,28.9779411764706,0.894742647058824,0.03,1014.97140931373,NA
"142","Miller",-122.7583,45.52269,"outside","afternoon",6.85812592592593,9.89587407407407,10.8743037037037,-65.6940740740741,72.0081481481482,50.2918518518519,9.82250740740741,0.01,991.7754,NA
"143","Miller",-122.7583,45.52269,"outside","morning",6.84010740740741,10.2575259259259,11.4956962962963,-64.7918518518518,61.48,67.537037037037,10.254137037037,0.01,991.858637037037,NA
"144","Miller",-122.7583,45.52269,"outside","night",7.33015567086731,10.7868495181616,12.0040919199407,-65.232023721275,63.9036323202372,62.650852483321,10.6064343958488,0.01,991.609888806523,NA
"145","Milwaukie",-122.626,45.43153,"inside","afternoon",174.198461538462,266.110769230769,279.762307692308,-48.6923076923077,76.7692307692308,20,176.646153846154,0,869.943076923077,NA
"146","Mirabella",-122.6702,45.4977,"outside","afternoon",8.48055699962867,12.9504753063498,13.9055217229855,-59.8346984363366,NA,NA,12.5734533976977,0.01,NA,NA
"147","Mirabella",-122.6702,45.4977,"outside","morning",8.67648829431438,14.4500966183575,16.0461166852471,-59.3752792256143,NA,NA,14.3613377926421,0.01,NA,NA
"148","Mirabella",-122.6702,45.4977,"outside","night",8.55592854484555,13.1258355042799,14.2831708224786,-59.1112770724421,NA,NA,12.9541905470785,0.01,NA,NA
"149","Mirabella 18th fl",-122.6702,45.49765,"inside","afternoon",0.945014947683109,1.62177877428998,1.85943198804185,-59.3931240657698,87.8430493273543,28.0269058295964,1.62178624813154,0.05,1012.12696362287,NA
"150","Mirabella 18th fl",-122.6702,45.49765,"inside","morning",0.617699775952203,1.15670649738611,1.3591859596714,-59.6079163554892,87.4727408513816,28.3330843913368,1.15670649738611,0.05,1012.44218518519,NA
"151","Mirabella 18th fl",-122.6702,45.49765,"inside","night",1.0989647411853,1.92417104276069,2.19459864966242,-60.0232558139535,87.1500375093773,28.192048012003,1.92417104276069,0.05,1012.06673348181,NA
"152","Moda Center",-122.6678,45.53155,"outside","afternoon",73.7345,107.8625,113.274,-51.5,72.1,17.9,72.8705,0.03,874.262,NA
"153","Mt Tabor Air Quality",-122.5992,45.51616,"outside","afternoon",8.15606455266138,13.0716138165345,14.6435617214043,-71.8516421291053,68.9966024915062,49.5005662514156,11.2419648924122,0.01,995.959048697622,NA
"154","Mt Tabor Air Quality",-122.5992,45.51616,"outside","morning",5.37801111797406,9.35030265596047,10.9650030883261,-73.4487021013597,62.4153275648949,62.57478368356,9.27941939468808,0.01,1005.3849382716,NA
"155","Mt Tabor Air Quality",-122.5992,45.51616,"outside","night",6.37435555555556,10.5675,12.1544722222222,-73.8155555555556,65.3177777777778,54.6811111111111,10.2921333333333,0.01,1005.64445555556,NA
"156","Mt. Tabor Indoor",-122.6099,45.51653,"inside","afternoon",2.26329696969697,3.54202424242424,3.85951515151515,-66.9212121212121,83.4678787878788,32.5781818181818,3.54203636363636,0,1010.65747878788,NA
"157","Mt. Tabor Indoor",-122.6099,45.51653,"inside","morning",3.59548148148148,5.71814814814815,6.19028395061728,-66.2777777777778,80.3,35.2320987654321,5.59306172839506,0,1010.27754320988,NA
"158","Mt. Tabor Indoor",-122.6099,45.51653,"inside","night",2.4574537037037,3.80400462962963,4.03452546296296,-66.34375,81.0787037037037,33.7881944444444,3.8040162037037,0,1010.97856481481,NA
"159","Mushroom Kingdom Outdoor",-122.6019,45.51485,"outside","afternoon",8.26004074074074,13.4552666666667,15.3493555555556,-66.497037037037,73.3288888888889,49.6651851851852,13.2423555555556,0.0251333333333333,1009.2583037037,NA
"160","Mushroom Kingdom Outdoor",-122.6019,45.51485,"outside","morning",9.45800970873786,16.5972292755788,19.7084204630321,-66.747572815534,62.0619865571322,68.7647498132935,16.2694137415982,0.03,1009.49538461538,NA
"161","Mushroom Kingdom Outdoor",-122.6019,45.51485,"outside","night",9.7228,15.9930481481481,18.5721444444444,-67.0718518518518,64.5637037037037,62.357037037037,15.3655444444444,0.029837037037037,1009.20201481481,NA
"162","NE 17th & Thompson",-122.6487,45.53983,"inside","afternoon",148.6988,228.0056,239.202,-50.46,77.28,17.48,153.5746,0.03,860.984,NA
"163","NE 17th & Thompson",-122.6487,45.53983,"inside","morning",135.525789473684,215.686842105263,226.243684210526,-56.8947368421053,81.2105263157895,15.6315789473684,143.320526315789,0.0294117647058824,862.34,NA
"164","NE Glisan",-122.6248,45.52642,"outside","afternoon",8.07488888888889,12.4317481481481,13.3062851851852,-68.0496296296296,76.1355555555556,48.22,12.3365777777778,0.0331851851851852,1011.66362222222,NA
"165","NE Glisan",-122.6248,45.52642,"outside","morning",9.22375555555556,15.5464518518519,17.0082777777778,-66.4777777777778,65.0874074074074,66.4037037037037,15.368737037037,0.0384074074074074,1011.96938518519,NA
"166","NE Glisan",-122.6248,45.52642,"outside","night",9.90033703703704,15.3664,16.6088296296296,-66.6192592592593,66.4155555555556,62.5555555555556,14.9091333333333,0.0374074074074074,1011.55507407407,NA
"167","NE Regents Drive",-122.6339,45.55093,"outside","afternoon",40.3753211009174,64.0266055045872,69.2484862385321,-69.1834862385321,71.4954128440367,32.4587155963303,43.7248165137615,0,977.742752293578,NA
"168","NE Regents Drive",-122.6339,45.55093,"outside","morning",117.145625,225.1959375,250.118125,-58.6875,73,18.5625,150.3196875,0,868.66625,NA
"169","NE Regents Drive",-122.6339,45.55093,"outside","night",9.07066666666667,12.8187777777778,13.7617222222222,-78.7444444444444,55.0111111111111,61.5444444444444,12.8187777777778,0,1022.56655555556,NA
"170","Non weld Shop",-122.7078,45.55861,"inside","afternoon",121.9825,206.38725,223.86225,-56.775,82.675,16.725,137.19475,0.01,867.65575,NA
"171","North Portland",-122.7321,45.59786,"outside","afternoon",25.4772551928783,42.0201928783383,46.3585756676558,-47,71.3887240356083,40.459940652819,29.9853412462908,0.01,994.705430267062,NA
"172","North Portland",-122.7321,45.59786,"outside","morning",7.19967479674797,12.0019918699187,13.8277642276423,-44.6991869918699,57.8536585365854,68.520325203252,11.9684552845528,0.0113114754098361,1026.42158536585,NA
"173","North Portland",-122.7321,45.59786,"outside","night",8.50844444444444,13.718037037037,15.7378333333333,-45.0592592592593,56.5962962962963,60.0481481481482,13.7081481481481,0.0101851851851852,1029.43125925926,NA
"174","NSA OPS",-122.7124,45.52463,"outside","afternoon",164.3821875,250.8971875,260.01609375,-54.125,82.84375,19.8125,167.89515625,0.05,869.8703125,NA
"175","NSA OPS",-122.7124,45.52463,"outside","morning",128.256595744681,220.387340425532,235.968191489362,-55.8510638297872,71.8297872340426,21.8510638297872,146.699361702128,0.05,869.372765957447,NA
"176","NW PDX",-122.7025,45.53439,"outside","afternoon",91.0877049180328,140.174426229508,146.302459016393,-57.0322580645161,80.0322580645161,18.9677419354839,94.8127868852459,0.02,862.998666666667,NA
"177","NW Tigard",-122.807,45.4429,"outside","afternoon",79.1870909090909,128.814909090909,136.540727272727,-54.6363636363636,74.0727272727273,20.6363636363636,86.6262727272727,0.0396363636363636,867.435454545455,NA
"178","Ogden84th",-122.5875,45.64334,"outside","afternoon",5.9282,9.15178148148148,10.1049777777778,-65.8488888888889,NA,NA,9.11298148148148,0.01,NA,NA
"179","Ogden84th",-122.5875,45.64334,"outside","morning",5.59346296296296,9.09448888888889,10.3406888888889,-67.0755555555556,NA,NA,9.09438518518519,0.01,NA,NA
"180","Ogden84th",-122.5875,45.64334,"outside","night",8.34141111111111,13.0189333333333,14.5498222222222,-66.2644444444445,NA,NA,12.8932296296296,0.01,NA,NA
"181","pdx bird farm",-122.5922,45.53052,"outside","afternoon",94.0304854368932,142.973300970874,151.859223300971,-55.8076923076923,75.3269230769231,20.1153846153846,95.685145631068,0,866.97568627451,NA
"182","Pipe shop",-122.708,45.55902,"inside","afternoon",30.4527272727273,48.5595454545455,52.3736363636364,-59.7954545454545,83.0227272727273,17.0227272727273,32.7995454545455,0.02,865.598409090909,NA
"183","Portland Heights",-122.6966,45.51017,"outside","afternoon",10.7120754716981,16.3759285004965,18.5516782522344,-64.6719681908549,65.4572564612326,48.7495029821074,12.2127507447865,0,991.354662698413,NA
"184","Portland Heights",-122.6966,45.51017,"outside","morning",3.43514742014742,6.32765356265356,9.60117936117936,-65.8624078624079,57.4250614250614,66.990171990172,6.3262285012285,0,1005.3614004914,NA
"185","Portland Heights",-122.6966,45.51017,"outside","night",3.17738598442714,5.02300333704116,6.88065628476085,-66.913140311804,59.8997772828508,57.1269487750557,5.02300333704116,0,1005.72333333333,NA
"186","PPR WASHINGTON PARK SOUTH",-122.7171,45.51019,"outside","afternoon",7.63560577991849,12.1298888477214,14.067176732123,-77.7348148148148,73.0259259259259,47.3607407407407,11.8174879585031,0.0126834692364715,995.380674573758,NA
"187","PPR WASHINGTON PARK SOUTH",-122.7171,45.51019,"outside","morning",7.82692592592593,13.1192444444444,15.6976407407407,-76.7933333333333,63.4103703703704,64.0251851851852,13.0637555555556,0.0179037037037037,995.589681481482,NA
"188","PPR WASHINGTON PARK SOUTH",-122.7171,45.51019,"outside","night",7.72317037037037,12.2104296296296,14.2211444444444,-75.7614814814815,66.917037037037,56.8014814814815,11.9023740740741,0.0150296296296296,995.268007407407,NA
"189","PSU STAR Lab Lost Park",-122.7905,45.53795,"outside","afternoon",4.67271851851852,6.29963333333333,7.03218518518519,-76.6992592592593,77.1416666666667,47.5069444444444,6.18345185185185,0.02,998.90525,NA
"190","PSU STAR Lab Lost Park",-122.7905,45.53795,"outside","morning",5.2667,7.27560740740741,8.23965185185185,-76.2474074074074,63.3944444444444,69.9027777777778,7.14238148148148,0.02,1000.01633333333,NA
"191","PSU STAR Lab Lost Park",-122.7905,45.53795,"outside","night",6.02661851851852,8.10815925925926,9.0281037037037,-76.8525925925926,66.5968253968254,64.6285714285714,7.67162962962963,0.02,998.784492063492,NA
"192","PSU STAR Lab Rose City Park",-122.5963,45.54408,"outside","afternoon",8.39302222222222,13.3922333333333,15.2731111111111,-70.4059259259259,75.3992592592593,44.74,13.1580518518519,0.0112666666666667,1009.91642222222,NA
"193","PSU STAR Lab Rose City Park",-122.5963,45.54408,"outside","morning",9.71472222222222,16.6908185185185,19.9122777777778,-69.4711111111111,65.1088888888889,61.8392592592593,16.1981185185185,0.0156592592592593,1010.34351111111,NA
"194","PSU STAR Lab Rose City Park",-122.5963,45.54408,"outside","night",10.6410925925926,16.9991444444444,19.811462962963,-69.8355555555556,65.2318518518519,58.9422222222222,16.265462962963,0.0142592592592593,1009.95131851852,NA
"195","PSU STAR LAB SEL",-122.6029,45.49679,"outside","afternoon",9.40867407407407,13.3636814814815,14.3752333333333,-75.0585185185185,77.9140740740741,41.4755555555556,13.0993666666667,0.0105777777777778,1013.09104444444,NA
"196","PSU STAR LAB SEL",-122.6029,45.49679,"outside","morning",9.86737407407407,14.9774481481481,16.4224259259259,-74.8688888888889,64.0807407407407,63.0007407407407,14.8990851851852,0.0150740740740741,1013.68105185185,NA
"197","PSU STAR LAB SEL",-122.6029,45.49679,"outside","night",15.5566518518519,22.1356518518519,23.8570333333333,-74.657037037037,64.6362962962963,60.26,20.6354888888889,0.0142296296296296,1013.20982962963,NA
"198","PSU_GBRL_Hillsdale_in",-122.705,45.48031,"inside","afternoon",5.95296690307329,9.67793144208038,10.7270646178093,-65.538219070134,81.4168636721828,39.6855791962175,9.2041646966115,0,1005.2846572104,NA
"199","PSU_GBRL_Hillsdale_in",-122.705,45.48031,"inside","morning",5.734348392702,10.8568896611642,13.1810382276282,-64.9817549956559,79.4561251086012,43.9609035621199,10.742919200695,0,1005.92427454387,NA
"200","PSU_GBRL_Hillsdale_in",-122.705,45.48031,"inside","night",11.4790712909441,16.183105973025,17.1199344894027,-64.8944530046225,82.2241910631741,42.3274268104777,14.5720231213873,0,1005.32936006168,NA
"201","PSU_GBRL_Home",-122.6519,45.49835,"outside","afternoon",4.59444279346211,6.39843982169391,7.19900074294205,-71.5267459138187,75.5029717682021,42.7154531946508,6.18510401188707,0.0300445765230312,1017.7738410104,NA
"202","PSU_GBRL_Home",-122.6519,45.49835,"outside","morning",4.71851742031134,7.00330615270571,8.33562638991846,-71.6782802075612,66.7768717568569,56.3113417346182,6.99428836174944,0.0319125277983692,1018.36326167532,NA
"203","PSU_GBRL_Home",-122.6519,45.49835,"outside","night",5.67682592592593,7.89398148148148,9.05251481481482,-71.8666666666667,69.18,51.6607407407407,7.76758518518518,0.0311333333333333,1017.89148888889,NA
"204","Purple Palace",-122.7212,45.53796,"outside","afternoon",92.7950925925926,128.074537037037,133.658888888889,-51.7222222222222,76.7407407407407,17.5185185185185,87.0791666666667,0,861.528333333333,NA
"205","Purple Palace",-122.7212,45.53796,"outside","night",4.59427777777778,6.36922222222222,6.87927777777778,-73.0777777777778,57.8333333333333,54.9555555555556,6.36922222222222,0,1020.65233333333,NA
"206","Red Fox Hills",-122.6775,45.43058,"outside","afternoon",10.2526522395571,14.0359788626069,14.8600654252642,-57.8651911468813,73.6247484909457,52.056338028169,13.8052793155511,0,1013.01259818731,NA
"207","Red Fox Hills",-122.6775,45.43058,"outside","morning",9.37137703252032,13.3392733739837,14.337337398374,-56.1784989858012,62.5689655172414,66.5963488843813,13.2900457317073,0,1013.43680244399,NA
"208","Red Fox Hills",-122.6775,45.43058,"outside","night",10.6926921145153,14.7221145153189,15.7173380210949,-56.9158316633267,64.5881763527054,63.6392785571142,14.4448769462582,0,1011.84279959718,NA
"209","Red Onion",-122.7113,45.58294,"inside","afternoon",1.17166666666667,3.15055555555556,4.27722222222222,-47.5555555555556,81.8888888888889,20.2222222222222,3.15055555555556,0.01,861.388888888889,NA
"210","Richmond Indoors",-122.6254,45.50561,"inside","afternoon",4.97616296296296,8.19171481481481,9.43051111111111,-49.9688888888889,82.0785185185185,35.1562962962963,8.09037037037037,0,1012.67203703704,NA
"211","Richmond Indoors",-122.6254,45.50561,"inside","morning",4.83731381993331,8.18349759170063,9.57690255650241,-50.4195700518903,77.9117865085248,38.9925871015567,8.09605779918488,0,1013.0112,NA
"212","Richmond Indoors",-122.6254,45.50561,"inside","night",4.20755925925926,7.10927037037037,8.31502222222222,-49.8540740740741,81.0711111111111,36.6948148148148,7.10852592592593,0,1012.6396962963,NA
"213","Royal Woodlands",-122.7726,45.47561,"outside","afternoon",2.36401836158192,4.36121468926554,5.27822033898305,-60.6963276836158,68.1129943502825,49.4392655367232,4.36121468926554,0.0276379066478076,1010.1211299435,NA
"214","Royal Woodlands",-122.7726,45.47561,"outside","morning",3.80210987261147,6.74959394904459,8.03390923566879,-60.7117834394904,59.9203821656051,66.4156050955414,6.74789012738854,0.03,1011.94710191083,NA
"215","Royal Woodlands",-122.7726,45.47561,"outside","night",6.08597902097902,9.95404895104895,11.4268881118881,-61.4881118881119,61.2405594405594,60.379020979021,9.94823776223776,0.03,1012.20700699301,NA
"216","SCROBBLE",-122.6392,45.5705,"inside","afternoon",3.36923623445826,6.11772646536412,7.2441918294849,-64.2948490230906,79.0088809946714,35.9378330373002,4.47253996447602,0.04,1013.81907637655,NA
"217","SCROBBLE",-122.6392,45.5705,"inside","morning",5.16078947368421,8.99424561403509,10.3547543859649,-64.3789473684211,78.9087719298246,37.2719298245614,6.35329824561404,0.04,1010.68242530756,NA
"218","SCROBBLE",-122.6392,45.5705,"inside","night",0.33547619047619,0.65284126984127,0.829444444444444,-65.3587301587302,79.9079365079365,37.0555555555556,0.65284126984127,0.04,1018.58807936508,NA
"219","SCROBBLED",-122.6402,45.57048,"outside","afternoon",9.33403081914031,14.7294079480941,16.576601784266,-63.2495948136143,69.1150729335494,46.7228525121556,11.1400567721006,0.01,1001.41340909091,NA
"220","SCROBBLED",-122.6402,45.57048,"outside","morning",2.73373148148148,4.99086111111111,6.21816666666667,-66.012962962963,59.8166666666667,69.3981481481482,4.99080555555556,0.01,1018.70807407407,NA
"221","SCROBBLED",-122.6402,45.57048,"outside","night",4.24024603174603,7.25669841269841,8.70734126984127,-65.2253968253968,60.231746031746,63.0904761904762,7.25669047619048,0.01,1018.84212698413,NA
"222","SE 47th and Lincoln",-122.6141,45.50803,"outside","afternoon",12.9419591836735,19.2050408163265,20.4957346938776,-59.8612244897959,70.3469387755102,42.569387755102,14.5697959183673,0.05,1007.32959183673,NA
"223","SE 47th and Lincoln",-122.6141,45.50803,"outside","morning",3.23565555555556,5.34685555555556,6.14532222222222,-60.3266666666667,60.98,61.3822222222222,5.32061111111111,0.05,1019.01151111111,NA
"224","SE 47th and Lincoln",-122.6141,45.50803,"outside","night",4.70776851851852,6.91734259259259,7.73410185185185,-60.4740740740741,61.2333333333333,55.9092592592593,6.80776851851852,0.05,1018.38390740741,NA
"225","SE 47th and Lincoln",-122.6141,45.50851,"inside","afternoon",7.89501968503937,11.5187007874016,12.4548031496063,-59.507874015748,83.4370078740157,30.3346456692913,8.42968503937008,NA,NA,NA
"226","SE 47th and Lincoln",-122.6141,45.50851,"inside","morning",6.38035343035343,10.7707484407484,12.1283991683992,-59.4303534303534,79.1559251559252,30.3388773388773,8.01629937629938,NA,NA,NA
"227","SE 47th and Lincoln",-122.6141,45.50851,"inside","night",1.02038888888889,2.09390740740741,2.54677777777778,-60.5611111111111,82.2333333333333,29.8,2.09392592592593,NA,NA,NA
"228","SE 47th and Lincoln",-122.6141,45.50851,"outside","afternoon",NA,NA,NA,NA,NA,NA,NA,0.02,1002.82596456693,NA
"229","SE 47th and Lincoln",-122.6141,45.50851,"outside","morning",NA,NA,NA,NA,NA,NA,NA,0.02,1009.64166320166,NA
"230","SE 47th and Lincoln",-122.6141,45.50851,"outside","night",NA,NA,NA,NA,NA,NA,NA,0.02,1018.375,NA
"231","SE Harrison St",-122.6186,45.50862,"outside","afternoon",143.848125,244.882375,262.86825,-50.075,71.75,21.45,163.109,0.02,874.15725,NA
"232","SharkTank",-122.6182,45.53993,"outside","afternoon",8.20164074074074,12.7875740740741,14.7390777777778,-62.8325925925926,73.1444444444444,47.5414814814815,12.7200296296296,0.03,1013.40611111111,NA
"233","SharkTank",-122.6182,45.53993,"outside","morning",9.36835227272727,15.6588825757576,18.6108484848485,-62.6333333333333,61.9204545454545,67.7780303030303,15.4166022727273,0.03,1014.05809090909,NA
"234","SharkTank",-122.6182,45.53993,"outside","night",10.4464592592593,16.2539740740741,18.8508777777778,-62.6837037037037,63.4148148148148,62.7881481481481,15.6591185185185,0.0300148148148148,1013.50773333333,NA
"235","SharkTank",-122.6181,45.53951,"inside","afternoon",129.42746031746,187.113333333333,200.297301587302,-54.1111111111111,85.2539682539683,14.3492063492063,125.850317460317,NA,NA,NA
"236","SharkTank",-122.6181,45.53951,"outside","afternoon",NA,NA,NA,NA,NA,NA,NA,0.04,861.329682539682,NA
"237","SM shop",-122.7064,45.55756,"inside","afternoon",55.2576315789474,87.5752631578947,91.8218421052632,-57.8947368421053,82.1578947368421,16.9736842105263,58.6263157894737,0.02,866.692105263158,NA
"238","South Tabor",-122.595,45.50462,"outside","afternoon",2502.48991478325,2504.94068914413,2505.61355316784,-72.3395107487027,73.3884358784285,48.2913269088213,1671.89142645424,0,1012.34534074074,NA
"239","South Tabor",-122.595,45.50462,"outside","morning",2505.45884698276,2508.78393318966,2509.78912715517,-71.5678879310345,63.4773706896552,65.6217672413793,1674.87849137931,0,1013.12614224138,NA
"240","South Tabor",-122.595,45.50462,"outside","night",2505.82066155989,2509.33678272981,2510.3289275766,-72.0766016713092,66.158774373259,59.2075208913649,1675.49217966574,0,1012.41300835655,NA
"241","South Woodstock",-122.6247,45.46306,"outside","afternoon",7.34755555555556,12.1469814814815,13.4444555555556,-73.6785185185185,72.7533333333333,48.1777777777778,11.9799592592593,0,1013.80654074074,NA
"242","South Woodstock",-122.6247,45.46306,"outside","morning",7.19763333333333,13.2560407407407,15.1507740740741,-73.1177777777778,62.2059259259259,65.7688888888889,13.2039592592593,0,1014.31885185185,NA
"243","South Woodstock",-122.6247,45.46306,"outside","night",11.2019077724061,18.8954555596876,21.2618928969877,-73.2120535714286,63.3965773809524,62.4739583333333,18.0954481219784,0,1013.86281784387,NA
"244","STAR LAB BETHANY",-122.842,45.53519,"outside","afternoon",10.0923703703704,12.6644185185185,13.7523259259259,-74.8325925925926,74.3481481481482,46.0866666666667,12.2970777777778,0,1010.99928148148,NA
"245","STAR LAB BETHANY",-122.842,45.53519,"outside","morning",12.4362740740741,15.6028185185185,17.4099444444444,-74.5340740740741,64.1866666666667,61.3288888888889,15.1295518518519,0,1011.53196296296,NA
"246","STAR LAB BETHANY",-122.842,45.53519,"outside","night",14.4175777777778,17.7637444444444,19.8005666666667,-74.8533333333333,66.2074074074074,57.4985185185185,16.8119592592593,0,1011.06564444444,NA
"247","STAR Lab Creston Kenilworth",-122.6386,45.49512,"outside","afternoon",7.95938536953243,14.3329524886878,20.6618702865762,-65.8740573152338,77.5618448637317,46.398322851153,13.6647926093514,0,1016.81503144654,NA
"248","STAR Lab Creston Kenilworth",-122.6386,45.49512,"outside","morning",8.0537962962963,15.4654259259259,23.9463444444444,-64.9762962962963,67.2240740740741,62.7666666666667,15.077262962963,0,1018.06001851852,NA
"249","STAR Lab Creston Kenilworth",-122.6386,45.49512,"outside","night",10.4395592592593,18.3927962962963,26.6010296296296,-64.902962962963,69.6577777777778,59.4,17.4699148148148,0,1016.77371111111,NA
"250","STAR Lab Homestead Neighborhood",-122.6929,45.50019,"outside","afternoon",8.00260207869339,5.92085003711952,12.6386265775798,-63.4484038604306,73.7891610987379,46.9420935412027,5.78295471417966,0,996.976533036377,NA
"251","STAR Lab Homestead Neighborhood",-122.6929,45.50019,"outside","morning",7.84152077151335,6.18626483679525,13.4983716617211,-63.2596439169139,66.3494065281899,57.9154302670623,6.16257418397626,0,997.089673590505,NA
"252","STAR Lab Homestead Neighborhood",-122.6929,45.50019,"outside","night",8.15823267876991,6.08286031863653,12.9698740274176,-63.6189770200148,69.2475908080059,52.6063750926612,5.93369396072619,0,996.79977037037,NA
"253","Sunset Lab 1",-122.7877,45.4468,"outside","afternoon",8.17014847809948,12.6026391982183,14.1175278396437,-69.652561247216,77.1796585003712,46.1499628804751,12.3296919079436,0,1014.16151447661,NA
"254","Sunset Lab 1",-122.7877,45.4468,"outside","morning",8.38952949962659,13.2789432412248,15.1329051530993,-69.4585511575803,66.2008961911875,63.5959671396565,13.1770873786408,0,1014.84979088872,NA
"255","Sunset Lab 1",-122.7877,45.4468,"outside","night",13.0682626488095,19.5778571428571,21.7533630952381,-69.2023809523809,66.5245535714286,62.3273809523809,18.040193452381,0,1014.223125,NA
"256","SW Palatine Street",-122.7218,45.44411,"outside","afternoon",112.695128205128,208.845512820513,245.101282051282,-51.2051282051282,75.1282051282051,19.4871794871795,138.836538461538,0.04,874.340769230769,NA
"257","Upper Multnomah Village",-122.7048,45.474,"outside","afternoon",8.48121742367833,12.9645495160089,13.9496202531646,-52.4832464631422,72.8741623231571,50.9344750558451,12.5636783320923,0.04,1000.05629932986,NA
"258","Upper Multnomah Village",-122.7048,45.474,"outside","morning",8.90931970260223,14.6122081784387,16.0105724907063,-52.2312267657993,63.8921933085502,65.2386617100372,14.4063345724907,0.04,1000.16975464684,NA
"259","Upper Multnomah Village",-122.7048,45.474,"outside","night",9.66121896998889,15.0214227491664,16.2364431270841,-52.1325925925926,66.0518518518519,60.002962962963,14.3040978140052,0.04,999.862868791698,NA
"260","Vancouver Heights-Northgate",-122.5794,45.62011,"outside","afternoon",9.65178913738019,15.9828434504792,17.8041214057508,-55.6805111821086,69.7603833865815,39.7987220447284,12.4149041533546,0,993.377827476038,NA
"261","Vancouver Heights-Northgate",-122.5794,45.62011,"outside","morning",7.52043367346939,13.1854591836735,15.424387755102,-58.015306122449,57.280612244898,59.9948979591837,13.1780102040816,0.00446153846153846,1010.56158163265,NA
"262","Vancouver Heights-Northgate",-122.5794,45.62011,"outside","night",8.32617810760668,13.0766233766234,14.6573840445269,-57.6579925650558,58.8475836431227,53.546468401487,12.8045454545455,0.00151851851851852,1020.84911111111,NA
"263","Vernon",-122.6447,45.56318,"inside","afternoon",20.5334579439252,31.7596728971963,33.6360280373832,-32.4439252336449,82.3738317757009,28.107476635514,21.4363551401869,0.01,1001.42140186916,NA
"264","Vernon",-122.6447,45.56318,"inside","morning",29.0277251184834,54.2582938388626,60.2518009478673,-35.0995260663507,77.8625592417062,29.3838862559242,36.3129383886256,0.01,1003.393507109,NA
"265","Vernon",-122.6447,45.56318,"inside","night",0.160740740740741,0.437888888888889,0.595703703703704,-31.0222222222222,80.5259259259259,29.6444444444444,0.437888888888889,0.01,1023.85403703704,NA
"266","Woods Park",-122.721,45.45539,"outside","afternoon",9.56874074074074,13.4938259259259,14.4358740740741,-63.4888888888889,70.6385185185185,53.6992592592593,13.0802111111111,0,1000.31358518519,NA
"267","Woods Park",-122.721,45.45539,"outside","morning",10.7630814814815,16.0653666666667,17.5199407407407,-62.2496296296296,61.8814814814815,69.6266666666667,15.6130851851852,0.000118518518518519,1000.54787407407,NA
"268","Woods Park",-122.721,45.45539,"outside","night",11.6807925925926,16.4661481481481,17.6492814814815,-62.6985185185185,63.4407407407407,64.5237037037037,15.5097481481481,0,1000.23184444444,NA
"269","Yeon 15",-122.6769,45.51967,"inside","afternoon",2.32685555555556,3.42465185185185,3.82658888888889,-45.7518518518519,83.3511111111111,31.6377777777778,3.42465185185185,0.06,1011.94555555556,NA
"270","Yeon 15",-122.6769,45.51967,"inside","morning",2.87468518518519,4.18161111111111,4.68621481481481,-45.1348148148148,82.58,32.2066666666667,4.18158148148148,0.06,1012.25593333333,NA
"271","Yeon 15",-122.6769,45.51967,"inside","night",4.4571037037037,6.32793333333333,7.0502962962963,-45.9644444444444,82.562962962963,31.9822222222222,6.32793333333333,0.06,1011.87259259259,NA
